DLPSID,Imagefilename
AAG6455,moa1057
AAG6455,moa1056
AAH0637.0003.001,moa182
AAH0637.0003.001,moa183
AAH0637.0003.001,moa184
AAH0637.0003.001,moa185
AAH0637.0003.001,moa186
AAH0637.0003.001,moa187
AAM9739,moa788
AAN1024,moa1240
AAN1024,moa1241
AAN1024,moa1242
AAN1024,moa1243
AAN1024,moa1244
AAN1024,moa1246
AAN1024,moa1247
AAN1024,moa1248
AAN1024,moa1250
AAN1024,moa1251
AAN1024,moa1252
AAN1024,moa1253
AAN1092,moa278
AAN1092,moa279
AAN1712,moa545
AAN1771,moa580
AAN2921,moa587
AAN2921,moa588
AAN2921,moa589
AAN6613,moa401
AAN6613,moa402
AAN6613,moa403
AAN6613,moa404
AAN6613,moa405
AAN6613,moa406
AAN6613,moa407
AAN6613,moa408
AAN6613,moa409
AAN6613,moa410
AAN6613,moa411
AAN6613,moa412
AAN6613,moa413
AAN6613,moa414
AAN6613,moa415
AAS0223,moa2210A
AAS0223,moa2210B
AAS0223,moa2210C
AAS0223,moa2210D
AAS0223,moa2210E
AAS0543,moa216
AAS0549,moa763
AAS0819,moa151
AAS0991,moa2146
AAV9503.0001.001,moa40
AAV9979,moa149
AAW0023.001.001,moa79
AAW1646.0001.001,moa115
AAW1646.0001.001,moa116
AAW1852,moa423
AAW1852,moa424
AAW1852,moa425
AAW1852,moa426
AAW1852,moa427
AAW1852,moa428
AAW1852,moa429
AAW1852,moa430
AAW1852,moa431
AAW1852,moa432
AAW1852,moa433
AAW1852,moa434
AAW1852,moa435
AAW1852,moa436
AAW1852,moa437
AAW2598,moa799
AAW2598,moa798
AAW2598,moa797
AAW2598,moa796
AAW2598,moa795
AAW2598,moa794
AAW4569,moa453
AAW4569,moa454
AAW4569,moa455
AAW4569,moa456
AAW4569,moa457
AAW7299,moa574
AAW7299,moa575
AAW7868,moa200
AAW9128,moa211
AAX1166,moa1070
AAX3749,moa37
AAX3749,moa38
AAX9527,moa546
AAZ9947,moa139
AAZ9989.0001.001,moa97
ABA0106,moa369
ABA0106,moa370
ABA0106,moa371
ABA0387.0001.001,moa119
ABA0861,moa23
ABA0861.0001.001,moa21
ABA0861.0001.001,moa22
ABA0970,moa201
ABA0981,moa956
ABA1237,moa99
ABA2024,moa206
ABA2819,moa1065
ABA3918,moa380
ABA3918,moa381
ABA3918,moa382
ABA3918,moa383
ABA3918,moa384
ABA3918,moa385
ABA3918,moa386
ABA3918,moa387
ABA3918,moa388
ABA3918,moa389
ABA3918,moa390
ABA3918,moa391
ABA3918,moa392
ABA3918,moa393
ABA3918,moa394
ABA3918,moa395
ABA4855.0001.001,moa54
ABA4855.0001.001,moa55
ABB0261,moa148
ABB2532,moa118
ABE3323,moa1054
ABE4319,moa358
ABE4319,moa359
ABE4319,moa360
ABE4319,moa361
ABE4319,moa362
ABE4319,moa362
ABE5459,moa950
ABE5459,moa949
ABE5459,moa1074
ABE5459,moa951
ABE5459,moa952
ABE9659,moa276
ABE9659,moa277
ABF0639.000001.001,moa93
ABF5361,moa542
ABF5361,moa543
ABJ1271,moa1213
ABJ1271,moa1212
ABJ1307,moa579
ABJ1666,moa581
ABJ1666,moa582
ABJ1666,moa583
ABJ1666,moa584
ABJ1666,moa585
ABJ1666,moa586
ABJ4013,moa785
ABJ4013,moa777
ABJ4200,moa142
ABJ4200,moa143
ABJ4200,moa144
ABJ4200,moa145
ABJ4989,moa439
ABJ4989,moa440
ABJ4989,moa441
ABJ4989,moa452
ABJ4989,moa451
ABJ4989,moa442
ABJ4989,moa443
ABJ4989,moa444
ABJ4989,moa445
ABJ4989,moa446
ABJ4989,moa447
ABJ4989,moa448
ABJ4989,moa449
ABJ4989,moa450
ABJ4989,moa438
ABJ5562,moa590
ABJ8964,moa953
ABJ8964,moa954
ABK2999,moa141
ABK5839,moa204
ABK5839,moa364
ABK9518,moa254
ABK9518,moa240
ABK9575,moa783
ABL0902,moa592
ABL0902,moa591
ABL0942.0001.001,moa15
ABL0942.0001.001,moa16
ABL1585,moa2115
ABL1714,moa170
ABL1714,moa171
ABL1714,moa172
ABL1714,moa2147
ABL6088,moa946
ABQ4129,moa1066
ABS3313,moa2176
ABS3313,moa2175
ABS5423,moa179
ABS5423,moa180
ABT8091,moa781
ABW3954,moa529
ABW3954,moa515
ABY0035,moa125
ABY0208,moa1502
ABY0432,moa158
ABY0432,moa159
ABY0432,moa160
ABY0432,moa161
ABY1876,moa128
ABY2200,moa177
ABY2200,moa178
ABY8829,moa396
ABY8829,moa398
ABY8829,moa397
ABY8829,moa137
ABY8829,moa126
ABY9687.0001.001,moa20
ABZ2602,moa531
ABZ2602,moa532
ABZ2602,moa533
ACA9712,moa129
ACB0335,moa793
ACB0335,moa510
ACB0335,moa511
ACB0335,moa512
ACB0335,moa513
ACB1972,moa577
ACF5938,moa1298
ACF5938,moa1299
ACF5938,moa623
ACF5938,moa624
ACF5938,moa625
ACF5938,moa626
ACF5938,moa627
ACF5938,moa628
ACF5938,moa629
ACF5938,moa630
ACF5938,moa631
ACF5938,moa632
ACF5938,moa633
ACF5938,moa634
ACF5938,moa635
ACF5938,moa636
ACF5938,moa637
ACF5938,moa639
ACF5938,moa640
ACF5938,moa641
ACF5938,moa642
ACF5938,moa643
ACF5938,moa644
ACF5938,moa645
ACF5938,moa646
ACF5938,moa647
ACF5938,moa1306
ACF5938,moa1320
ACF5938,moa1305
ACF5938,moa1303
ACF5938,moa1304
ACF5938,moa1300
ACF5938,moa1301
ACF5938,moa1302
ACF5938,moa648
ACF5938,moa649
ACF5938,moa650
ACF5938,moa651
ACF5938,moa652
ACF5938,moa653
ACF5938,moa654
ACF5938,moa655
ACF5938,moa656
ACF5938,moa657
ACF5938,moa658
ACF5938,moa659
ACF5938,moa660
ACF5938,moa661
ACF5938,moa662
ACF5938,moa663
ACF5938,moa664
ACF5938,moa665
ACF5938,moa666
ACF5938,moa667
ACF5938,moa1474
ACF5938,moa1475
ACF5938,moa1476
ACF5938,moa1477
ACF5938,moa1478
ACF5938,moa1479
ACF5938,moa1480
ACF5938,moa1481
ACF5938,moa1482
ACF5938,moa1483
ACF5938,moa1484
ACF5938,moa1570
ACF5938,moa1571
ACF5938,moa1572
ACF5938,moa1573
ACF5938,moa1574
ACF5938,moa1575
ACF5938,moa1576
ACF5938,moa1577
ACF5938,moa1578
ACF5938,moa1579
ACF5938,moa1580
ACF5938,moa1581
ACF5938,moa1582
ACF5938,moa1586
ACF5938,moa1587
ACF5938,moa1588
ACF5938,moa1589
ACF5938,moa1590
ACF5938,moa1591
ACF5938,moa1592
ACF5938,moa1593
ACF5938,moa1594
ACF5938,moa1595
ACF5938,moa1596
ACF5938,moa1597
ACF5938,moa1598
ACF5938,moa1599
ACF5938,moa1600
ACF5938,moa1601
ACF5938,moa1602
ACF5938,moa1603
ACF5938,moa1604
ACF5938,moa1462
ACF5938,moa1463
ACF7654,moa614
ACG3584,moa599
ACG3584,moa600
ACG3584,moa601
ACG3584,moa602
ACG3584,moa899
ACJ0685,moa1062
ACJ0685,moa957
ACJ0685,moa1061
ACK0095,moa561
ACK0095,moa562
ACK0095,moa563
ACK0095,moa564
ACK0095,moa565
ACK0095,moa566
ACK0095,moa567
ACK4712,moa1268
ACK4712,moa1270
ACK4712,moa1271
ACK9351,moa203
ACK9351,moa213
ACK9351,moa214
ACM7314,moa555
ACM7314,moa556
ACP5999,moa485
ACP5999,moa1101
ACP5999,moa1102
ACP5999,moa1103
ACP5999,moa1104
ACP5999,moa1105
ACP5999,moa486
ACP5999,moa1106
ACP5999,moa487
ACP5999,moa488
ACP5999,moa1107
ACP5999,moa489
ACP5999,moa490
ACP5999,moa1109
ACP5999,moa1110
ACP5999,moa1111
ACP5999,moa1108
ACP9154,moa136
ACP9154,moa135
ACP9327,moa568
ACQ4799,moa365
ACQ4799,moa366
ACQ4799,moa367
ACQ4799,moa368
ACQ8074,moa1063
ACQ8688,moa258
ACQ8688,moa259
ACQ8688,moa260
ACQ8688,moa261
ACQ8688,moa262
ACQ8688,moa263
ACQ8688,moa264
ACQ8688,moa265
ACQ8688,moa266
ACQ8688,moa267
ACQ8688,moa268
ACQ8688,moa269
ACQ8688,moa270
ACQ8688,moa271
ACQ8688,moa272
ACQ8688,moa273
ACQ8688,moa274
ACQ8688,moa235
ACQ8688,moa275
ACR7050,moa150
ACV1335,moa1342
ACV1335,moa1343
ACW6562,moa152
ACW6562,moa153
ACW6562,moa154
ACW6562,moa155
ACW6562,moa156
ACW6562,moa157
ADG9636,moa1344
ADG9636,moa1254
ADH1254,moa309
ADH1254,moa310
ADH1254,moa311
ADH1254,moa312
ADH1254,moa313
ADH1254,moa314
ADH1254,moa315
ADH1254,moa316
ADH1274,moa239
ADH1607,moa215
ADH1690,moa1058
ADH3014,moa570
ADH3014,moa571
ADH3014,moa572
ADH4114,moa947
ADH4114,moa1075
ADQ3957,moa44
ADQ3957,moa45
ADQ3957,moa46
ADQ3957,moa2154
ADU2374.0001.001,moa33
ADU2374.0001.001,moa25
ADU2374.0001.001,moa26
ADU2374.0001.001,moa27
ADU2374.0001.001,moa28
ADU2374.0001.001,moa29
ADU2374.0001.001,moa30
ADU2374.0001.001,moa31
ADU2374.0001.001,moa32
ADU6773,moa897
ADU6773,moa1411
ADU6773,moa1412
ADU6773,moa1413
ADU6773,moa1414
ADU6773,moa1415
ADU6773,moa1485
ADU6773,moa1280
AEC2776,moa210
AEC2929,moa832
AEC2929,moa831
AEC2929,moa830
AEC2929,moa829
AEC2929,moa828
AEC2929,moa827
AEC2929,moa826
AEC2952,moa122
AEC2952,moa123
AEC3036,moa1215
AEK6232,moa1274
AEK6232,moa1163
AEK9254,moa1181
AEK9254,moa1182
AEK9254,moa1183
AEK9254,moa1184
AEK9288,moa1161
AEK9288,moa499
AEK9290,moa2008
AEK9614,moa593
AEK9614,moa594
AEK9614,moa595
AEK9614,moa596
AEK9614,moa597
AEK9614,moa598
AEL2141,moa1904
AEL2141,moa2118
AEL2141,moa1902
AEL2141,moa2119
AEL2141,moa1901
AEL2141,moa1900
AEL2141,moa1899
AEL2141,moa1898
AEL2141,moa2117
AEL2141,moa1903
AEL2141,moa1897
AEL2204,moa375
AEL2204,moa376
AEL2204,moa377
AEL2204,moa378
AEL2204,moa379
AEL2204,moa229
AEL2204,moa230
AEL2204,moa231
AEL2204,moa232
AEL2204,moa691
AEL2204,moa228
AEL2934,moa255
AEL2934,moa236
AEL2934,moa237
AEL2934,moa256
AEL2934,moa257
AEL2967,moa770
AEL3212,moa787
AEL8927,moa2149
AEL8927,moa2120
AEL8927,moa1703
AEL8927,moa1878
AEL8927,moa1880
AEL8927,moa1881
AEL8927,moa1704
AEL8927,moa1882
AEL8927,moa1706
AEL8927,moa1702
AEL8927,moa1701
AEL8927,moa2145
AEL8927,moa1700
AEL8927,moa1699
AEL8927,moa1870
AEL8927,moa1871
AEL8927,moa1872
AEL8927,moa1873
AEL8927,moa1671
AEL8927,moa1673
AEL8927,moa1674
AEL8927,moa1675
AEL8927,moa1676
AEL8927,moa1677
AEL8927,moa1678
AEL8927,moa1679
AEL8927,moa1680
AEL8927,moa1681
AEL8927,moa1682
AEL8927,moa1683
AEL8927,moa1684
AEL8927,moa1685
AEL8927,moa1874
AEL8927,moa1875
AEL8927,moa1876
AEL8927,moa1877
AEL8927,moa1686
AEL8927,moa1688
AEL8927,moa1879
AET7123,moa819
AET7123,moa813
AET7123,moa814
AET7123,moa815
AET7123,moa812
AET7123,moa816
AET7123,moa817
AET7123,moa818
AET7123,moa688
AET7123,moa687
AET7123,moa686
AET7123,moa685
AET7123,moa684
AET7123,moa683
AET7123,moa682
AET7123,moa681
AET7123,moa680
AET7123,moa679
AET7123,moa678
AET7123,moa677
AET7123,moa811
AET7124,moa1376
AET7124,moa1377
AET7124,moa1378
AET7124,moa1379
AET7124,moa1380
AET7124,moa1381
AET7124,moa1382
AET7124,moa1384
AET7124,moa1385
AET7124,moa1386
AET7124,moa1387
AET7124,moa1530
AET7124,moa1531
AET7124,moa1532
AET7124,moa1533
AET7124,moa1534
AET7124,moa1535
AET7124,moa1536
AET7124,moa1537
AET7124,moa1388
AET7124,moa1389
AET7124,moa1391
AET7124,moa1392
AET7124,moa1393
AET7124,moa1394
AET7124,moa1395
AET7124,moa1396
AET7124,moa1397
AET7124,moa1398
AET7124,moa1399
AET7124,moa1400
AET7124,moa1401
AET7124,moa1402
AET7124,moa1403
AET7124,moa1404
AET7124,moa1405
AET7124,moa1406
AET7124,moa1407
AET7124,moa1408
AET7124,moa1409
AET7124,moa1410
AET7124,moa2161
AET7124,moa1376
AET7124v.2,moa1390
AET7131,moa670
AET7138,moa464
AET7138,moa465
AET7138,moa466
AET7138,moa467
AET7138,moa468
AET7138,moa469
AET7139,moa1285
AET7139,moa470
AET7139,moa471
AET7139,moa472
AET7139,moa473
AET7139,moa474
AET7139,moa2183
AET7139,moa1328
AET7139,moa1327
AET7139,moa1326
AET7139,moa1329
AET7139,moa1330
AET7139,moa1328
AET7148,moa1010
AET7148,moa1011
AET7148,moa1012
AET7170,moa2165
AET7171,moa1843
AET7171,moa1820
AET7171,moa1821
AET7171,moa1839
AET7171,moa1840
AET7171,moa1842
AET7171,moa1844
AET7178,moa995
AET7178,moa996
AET7178,moa997
AET7178,moa998
AET7178,moa999
AET7178,moa1000
AET7178,moa1001
AET7178,moa1002
AET7178,moa753
AET7178,moa1004
AET7178,moa1005
AET7178,moa1003
AET7181,moa1416
AET7181,moa1417
AET7181,moa1418
AET7181,moa1419
AET7181,moa1420
AET7181,moa1421
AET7181,moa1422
AET7181,moa1423
AET7181,moa1424
AET7181,moa1425
AET7181,moa1426
AET7183,moa1176
AET7183,moa1177
AET7183,moa1178
AET7183,moa1179
AET7183,moa1180
AET7184,moa1270
AET7489,moa1322
AEU0134,moa130
AEU0236,moa227
AEU5476,moa2171
AEW7483,moa1068
AEW7612,moa573
AEX6110,moa672
AEX6110,moa673
AEX6110,moa674
AEX6110,moa675
AEX6110,moa805
AEX6110,moa806
AEX6110,moa807
AEX6110,moa808
AEX6110,moa809
AEX6110,moa810
AEX6110,moa1069
AEX6110,moa1071
AEX6111,moa757
AEX9626,moa1126
AEX9626,moa1128
AEX9626,moa1127
AEX9626,moa1129
AEX9626,moa1130
AEX9626,moa1131
AEX9626,moa1132
AEX9626,moa1133
AEX9626,moa1134
AEX9626,moa1135
AEX9626,moa1136
AEX9626,moa1137
AEX9626,moa1138
AEX9626,moa1139
AEX9626,moa1140
AEX9626,moa1141
AEX9626,moa1142
AEX9626,moa1143
AEX9626,moa1144
AEX9626,moa1145
AEX9626,moa1146
AEX9626,moa1147
AEX9626,moa1148
AEX9626,moa1149
AEX9626,moa1150
AEX9626,moa1151
AEX9626,moa1152
AEX9626,moa1153
AEX9626,moa1154
AEX9626,moa1155
AEX9626,moa1156
AEX9626,moa1157
AEX9626,moa1158
AEX9626,moa1159
AEX9626,moa1160
AFA0385,moa191
AFA0385,moa192
AFA0385,moa193
AFA0385,moa194
AFG0229,moa1059
AFG2386,moa1337
AFG2386,moa1337
AFG7230,moa2174
AFG7230,moa2003
AFJ5159,moa955
AFJ7467.0001.001,moa89
AFJ7650,moa1052
AFJ7711,moa1053
AFJ7769,moa399
AFJ794,moa2180
AFJ794,moa1912
AFJ794,moa1913
AFJ794,moa1914
AFJ794,moa1911
AFJ7944,moa162
AFJ7944,moa165
AFJ7944,moa163
AFJ7944,moa166
AFJ7944,moa167
AFJ7944,moa168
AFJ7944,moa164
AFJ7944,moa169
AFJ7966,moa1055
AFJ8060,moa2178
AFJ8060,moa1915
AFJ8060,moa2179
AFJ8565,moa764
AFJ8846.0001.001,moa1
AFJ9234.0001.001,moa101
AFJ9422.0001.001,moa117
AFK0504.0001.001,moa106
AFK0595,moa2170
AFK1214.0001.001,moa96
AFK1672,moa576
AFK3680,moa540
AFK3767,moa958
AFK3776,moa760
AFK3975,moa762
AFK4063.0001.001,moa110
AFK4063.0001.001,moa111
AFK4063.0001.001,moa112
AFK4063.0001.001,moa113
AFK4063.0001.001,moa114
AFK4346.0001.001,moa100
AFK4349.0001.001,moa68
AFK4383,moa90
AFK4383,moa91
AFK4383,moa92
AFK4383.0001.001,moa71
AFK4383.0002.001,moa69
AFK4383.0002.001,moa70
AFK4383.0007.001,moa64
AFK4383.0007.001,moa65
AFK4433.0001.001,moa102
AFK4433.0001.001,moa103
AFK4434,moa2155
AFK4434,moa2156
AFK4434,moa2157
AFK4450,moa690
AFK4546.0001.001,moa47
AFK4546.0001.001,moa48
AFK4546.0001.001,moa49
AFK4571,moa94
AFK4571,moa95
AFK5736,moa181
AFK6072,moa1200
AFK6072,moa1201
AFK6072,moa1202
AFK6072,moa1041
AFK6072,moa1203
AFK6072,moa1042
AFK6072,moa1204
AFK6169,moa131
AFK6363,moa373
AFK6788,moa282
AFK6788,moa284
AFK6788,moa285
AFK6788,moa286
AFK6788,moa283
AFK7237,moa416
AFK7237,moa190
AFK7237,moa418
AFK7237,moa419
AFK7237,moa417
AFK7254,moa420
AFK7254,moa421
AFK7254,moa422
AFK8402,moa615
AFK8402,moa616
AFK8402,moa617
AFK8402,moa618
AFK8402,moa619
AFK8402,moa620
AFK8405,moa355
AFK8720.0001.001,moa60
AFK9301,moa280
AFK9301,moa281
AFK9312,moa173
AFK9312,moa174
AFK9338.0001.001,moa61
AFM1382,moa80
AFM1382,moa81
AFM1382,moa82
AFM1382,moa83
AFM1382,moa84
AFM1382,moa85
AFM1382,moa86
AFM1382,moa87
AFM2805,moa1499
AFM2805,moa1501
AFM2805,moa1552
AFM2805,moa1553
AFM2805,moa1554
AFM2805,moa1555
AFM2805,moa1556
AFP3829,moa1528
AFP3829,moa1529
AFQ0861.0001.001,moa58
AFR4045,moa234
AFR4045,moa202
AFR4045,moa357
AFT4053,moa218
AFT4053,moa219
AFT4053,moa221
AFT4053,moa222
AFT4053,moa223
AFT4053,moa224
AFT4053,moa225
AFT4053,moa226
AFT8351,moa175
AFT8729,moa374
AFT8729,moa124
AFT9702,moa124
AFU1490,moa212
AFU1520,moa1325
AFU1884,moa146
AFU2051,moa243
AFU2051,moa245
AFU2051,moa246
AFU2051,moa248
AFU2051,moa249
AFU2051,moa250
AFU2051,moa251
AFU2051,moa252
AFU2051,moa242
AFU2051,moa247
AFU2051,moa196
AFU2066,moa341
AFU2066,moa342
AFU2066,moa343
AFU2066,moa344
AFU2066,moa345
AFU2066,moa346
AFU2066,moa347
AFU2066,moa348
AFU2066,moa349
AFU2066,moa350
AFU2066,moa351
AFU2066,moa352
AFU2066,moa353
AFU2066,moa354
AFU2078,moa692
AFU2078,moa197
AFU2078,moa198
AFU2078,moa199
AFY1742,moa554
AFZ0165,moa524
AFZ0165,moa525
AFZ0165,moa526
AFZ0165,moa527
AFZ9338,moa549
AFZ9338,moa550
AFZ9338,moa551
AFZ9338,moa552
AFZ9338,moa553
AGA4121,moa120
AGA4121,moa121
AGD8206,moa1276
AGD8206,moa1275
AGD8206,moa1273
AGD8206,moa1272
AGD8206,moa1998
AGD8206,moa1999
AGD8206,moa1278
AGD8957,moa138
AGE0030,moa2163
AGE0030,moa2035
AGE0030,moa2036
AGE0030,moa2037
AGE0030,moa2038
AGE0030,moa2039
AGE0030,moa2040
AGE0030,moa2041
AGE0030,moa2042
AGE0030,moa2043
AGE0030,moa2044
AGE0030,moa2046
AGE0030,moa2047
AGE0030,moa2048
AGE0030,moa2049
AGE0030,moa2162
AGE0030,moa2045
AGE2028.0001.001,moa88
AGF3694,moa693
AGF3694,moa694
AGF3694,moa495
AGF3694,moa708
AGF3694,moa709
AGF3694,moa710
AGF3694,moa711
AGF3694,moa712
AGF3694,moa713
AGF3694,moa714
AGF3694,moa705
AGF3694,moa706
AGF3694,moa707
AGF3694,moa496
AGF3694,moa715
AGF3694,moa483
AGF3694,moa484
AGF3694,moa716
AGF3694,moa1205
AGF3694,moa1338
AGF3694,moa1439
AGF3694,moa1440
AGF3694,moa1441
AGF3694,moa1442
AGF3694,moa1456
AGF3694,moa1457
AGF3694,moa1458
AGF3694,moa1485
AGF3694,moa1331
AGF3694,moa1438
AGF3694,moa2160
AGF3694,moa2159
AGF3694,moa2158
AGF3694,moa1333
AGF3694,moa1370
AGF3694,moa1369
AGF3694,moa1368
AGF3694,moa1332
AGF3694v8,moa
AGF4179.0001.001,moa13
AGF4179.0001.001,moa14
AGH6142,moa1883
AGH6142,moa1763
AGH6799,moa507
AGH6799,moa508
AGH6799,moa509
AGH6842,moa1187
AGH6842,moa1188
AGH6842,moa1189
AGH6842,moa1190
AGH8649,moa2188
AGH8649,moa2189
AGH8649,moa2190
AGH8649,moa2027
AGH8649,moa2191
AGH8649,moa2192
AGH8649,moa2193
AGH8649,moa2030
AGH8649,moa2194
AGH8782,moa801
AGH8863,moa1123
AGH8863,moa1112
AGH8863,moa1113
AGH8863,moa1114
AGH8863,moa1115
AGH8863,moa1116
AGH8863,moa1117
AGH8863,moa1118
AGH8863,moa1119
AGH8863,moa1120
AGH8863,moa1121
AGH8863,moa1122
AGH9410,moa1510
AGH9410,moa1542
AGH9410,moa1543
AGH9410,moa1544
AGH9410,moa1545
AGH9410,moa1546
AGH9410,moa1547
AGH9410,moa1548
AGH9410,moa1549
AGH9410,moa1550
AGH9410,moa1551
AGJ0910,moa1334
AGJ0910,moa1335
AGJ0910,moa1336
AGJ1769,moa751
AGJ1769,moa750
AGJ1769,moa748
AGJ1769,moa747
AGJ1769,moa749
AGJ2307,moa1293
AGJ2307,moa1295
AGJ2307,moa1294
AGJ2307,moa1296
AGJ2307,moa1297
AGJ2307,moa959
AGJ2307,moa1044
AGJ2307,moa1045
AGJ2307,moa960
AGJ2307,moa961
AGJ2307,moa1046
AGJ2307,moa962
AGJ2307,moa1216
AGJ2307,moa1217
AGJ2307,moa963
AGJ2307,moa964
AGJ2307,moa965
AGJ2307,moa1219
AGJ2307,moa966
AGJ2307,moa967
AGJ2307,moa1047
AGJ2307,moa970
AGJ2307,moa971
AGJ2307,moa1220
AGJ2307,moa972
AGJ2307,moa1048
AGJ2307,moa1221
AGJ2307,moa1049
AGJ3126,moa500
AGJ3126,moa501
AGJ8622,moa502
AGJ9712,moa1186
AGJ9712,moa505
AGK3037,moa912
AGK7258,moa538
AGK9064,moa569
AGK9064,moa1073
AGL4856,moa475
AGL4856,moa476
AGL4856,moa477
AGL4856,moa478
AGL4856,moa479
AGL4856,moa480
AGL4856,moa481
AGL5088,moa791
AGL5088,moa2052
AGL5088,moa1658
AGL5088,moa2051
AGL5088,moa2168
AGL5088,moa1659
AGL5088,moa1660
AGL5088,moa2050
AGL5111,moa1099
AGL5111,moa1100
AGL6580,moa2177
AGL7320,moa944
AGL7320,moa1096
AGL8228,moa1323
AGL8228,moa1316
AGL8228,moa1317
AGL8435,moa1095
AGL8435,moa1094
AGL8767,moa934
AGL8767,moa935
AGL8767,moa1021
AGL8767,moa1022
AGL8767,moa1023
AGL8767,moa1024
AGL8767,moa1025
AGL8767,moa1026
AGL8767,moa1027
AGL8767,moa1028
AGL8767,moa1029
AGL8767,moa1030
AGL8767,moa1289
AGL8767,moa1031
AGL8767,moa1032
AGL8767,moa1033
AGL8767,moa1034
AGL8767,moa1035
AGL8767,moa1036
AGL8767,moa936
AGL8767,moa1290
AGL8767,moa1291
AGM1355,moa820
AGM1355,moa821
AGM1355,moa822
AGM1355,moa823
AGM1355,moa824
AGM1355,moa825
AGM1974,moa756
AGM1975,moa1174
AGM1976,moa1162
AGM3101,moa504
AGM3101,moa1185
AGM5117,moa671
AGM5117,moa1222
AGM5117,moa1279
AGM5117,moa1050
AGM5117,moa1223
AGM5117,moa1224
AGM5117,moa1225
AGM5117,moa1226
AGM5117,moa1227
AGM5117,moa1051
AGM5117,moa804
AGM5117,moa2102
AGM5176,moa778
AGM5641,moa1191
AGM5711,moa1788
AGM5711,moa1787
AGM5938,moa1175
AGM6058,moa1287
AGM6058,moa780
AGM6058,moa1043
AGM6058,moa530
AGM7082,moa994
AGM7082,moa769
AGM7082,moa765
AGM7082,moa491
AGM7082,moa492
AGM7082,moa493
AGM7082,moa494
AGM7082,moa993
AGM7082,moa768
AGM7082,moa767
AGM7082,moa766
AGM9064,moa1093
AGM9070,moa755
AGM9070,moa754
AGM9443,moa1091
AGM9470,moa2148
AGM9801,moa217
AGT0087,moa937
AGT0087,moa938
AGT0087,moa939
AGT0087,moa941
AGT0087,moa940
AGT0087,moa942
AGT0087,moa943
AGU4007,moa1085
AGU4007,moa1086
AGU5467,moa1092
AGV2901,moa557
AGV2901,moa558
AGV2901,moa559
AGV8851,moa321
AGV8851,moa322
AGV8851,moa323
AGW6594,moa786
AGW6594,moa776
AGW6964,moa1345
AGW6964,moa1346
AGW6964,moa1347
AGW6964,moa1348
AGW6964,moa1349
AGW6964,moa1350
AGW6964,moa1351
AGW6964,moa1352
AGW6964,moa1353
AGW6964,moa1354
AGW6964,moa1355
AGW6964,moa1356
AGW6964,moa1357
AGW6964,moa1358
AGW6964,moa1359
AGW6964,moa1360
AGW6964,moa1361
AGW6964,moa1362
AGW6964,moa1363
AGW6964,moa1364
AGW6964,moa1365
AGW6964,moa1366
AGW8448,moa900
AGW8448,moa901
AGW8448,moa902
AGW8448,moa903
AGW8448,moa904
AGW8448,moa905
AGW8448,moa906
AGW8448,moa907
AGW8448,moa908
AGW8448,moa909
AGW8448,moa911
AGW8448,moa910
AGW8472,moa973
AGW8472,moa974
AGW8472,moa975
AGW8472,moa976
AGW8472,moa977
AGW8472,moa978
AGW8472,moa979
AGW8472,moa980
AGW8472,moa981
AGW8472,moa982
AGW8472,moa983
AGW8472,moa984
AGW8472,moa985
AGW8472,moa986
AGW8472,moa987
AGW8472,moa988
AGW8472,moa989
AGW8472,moa990
AGW8472,moa991
AGW8472,moa992
AGX0711,moa1078
AGX0875,moa1079
AGX0875,moa1080
AGX0875,moa1081
AGX1648,moa775
AGX1648,moa774
AGX1648,moa773
AGX1648,moa772
AGX1648,moa771
AGX3847,moa1077
AGX3855,moa789
AGX8067,moa1503
AGX8067,moa1504
AGX8067,moa1506
AGX8067,moa1507
AGY0240,moa1512
AGY0240,moa1513
AGY0240,moa1514
AGY0240,moa1515
AGY0240,moa1516
AGY0240,moa1517
AGY0240,moa1997
AGY0240,moa1518
AGY0240,moa1519
AGY0240,moa1520
AGY0240,moa1521
AGY0240,moa1522
AGY0240,moa1523
AGY0240,moa1447
AGY0240,moa1448
AGY0240,moa1994
AGY0240,moa1995
AGY0240,moa1450
AGY0240,moa1486
AGY0240,moa1451
AGY0240,moa1452
AGY0240,moa1453
AGY0240,moa1454
AGY0240,moa1455
AGY0240,moa1487
AGY3214,moa1082
AGY4388,moa317
AHD1481,moa1166
AHD1481,moa1165
AHD1481,moa1167
AHD1481,moa1168
AHD1481,moa1169
AHD1481,moa1170
"AHE3908
",moa1315
AHE3909,moa1098
AHE3910,moa913
AHE3910,moa1006
AHE3910,moa1007
AHE3910,moa1008
AHE3910,moa1009
AHE8439,moa1527
AHE8439,moa1584
AHE8439,moa1585
AHJ3598,moa548
AHJ3598,moa547
AHJ8942,moa324
AHK6870,moa205
AHL1786,moa209
AHL9091,moa506
AHN0970,moa1072
AHN6796,moa1211
AHZ5204,moa1067
AJA2004,moa176
AJA2121,moa1060
AJA2657,moa514
AJA2879,moa188
AJA2879,moa189
AJA3298.0001.001,moa12
AJA3436.0001.001,moa105
AJA3456,moa147
AJA3458.0001.001,moa53
AJA3580,moa1371
AJA3580,moa1372
AJA3580,moa1373
AJA3580,moa1374
AJA3580,moa2195
AJA3580,moa2196
AJA3580,moa2197
AJA3580,moa2198
AJA3580,moa2199
AJA3580,moa2200
AJA3580,moa2201
AJA3655.0001.001,moa41
AJA3655.0001.001,moa42
AJA3655.0001.001,moa43
AJA5579,moa372
AJA5878,moa933
AJA5878,moa932
AJA5878,moa931
AJA5878,moa930
AJA5878,moa929
AJA5878,moa928
AJA5878,moa927
AJA5878,moa926
AJA5878,moa925
AJA5878,moa924
AJA5878,moa923
AJA5878,moa922
AJA5878,moa921
AJA5878,moa920
AJA5878,moa919
AJA5878,moa918
AJA5878,moa917
AJA5878,moa916
AJA5878,moa915
AJD6864,moa1459
AJD6864,moa1460
AJD6864,moa1461
AJD6864,moa1605
AJD6864,moa1606
AJD6864,moa1607
AJD6864,moa1608
AJD6864,moa1609
AJD6864,moa1611
AJD6864,moa1610
AJD6864,moa1461
AJD6896,moa1339
AJD6896,moa1434
AJD6896,moa1435
AJD6896,moa1437
AJD6896,moa1436
AJD6910,moa790
AJG2508,moa318
AJG2508,moa319
AJG2508,moa320
AJG4843,moa238
AJG9843,moa539
AJH0170,moa792
AJH0170,moa782
AJH1174,moa759
AJJ9240,moa62
AJK2681,moa400
AJK5788,moa356
AJL1005,moa1064
AJL3515.0001.001,moa108
AJL3515.0001.001,moa109
AJL4446,moa233
AJL4446,moa233
AJL4577,moa1632
AJL4577,moa2184
AJL4807,moa2182
AJL4807,moa2181
AJL5604,moa127
AJM6635,moa2173
AJM6635,moa1444
AJM6635,moa1445
AJM6635,moa1488
AJM6635,moa1446
AJM6635,moa1541
AJM6635,moa1540
AJM6635,moa1489
AJM6635,moa1490
AJM6635,moa1491
AJM6635,moa1492
AJM6635,moa1493
AJM6635,moa1443
AJN1176,moa803
AJN1176,moa802
AJN2665,moa498
AJN7996,moa528
AJP3455,moa1557
AJP3455,moa1558
AJP3455,moa1559
AJP3455,moa1560
AJP3455,moa1561
AJP3455,moa1562
AJP3455,moa1563
AJP3455,moa1564
AJP3455,moa1565
AJP3455,moa1566
AJP3455,moa1567
AJP3455,moa1568
AJP3455,moa1569
AJP3726,moa1427
AJP3726,moa1428
AJP3726,moa1429
AJP3726,moa1430
AJP3726,moa1431
AJP3726,moa1432
AJP3726,moa1433
AJP5421,moa695
AJP5421,moa696
AJP5421,moa697
AJP5421,moa698
AJP5421,moa699
AJP5421,moa700
AJP5421,moa701
AJP5421,moa702
AJP5421,moa703
AJP5421,moa704
AJQ0305,moa1324
AJQ0305,moa1319
AJQ1274,moa1037
AJQ1274,moa1192
AJQ1274,moa1193
AJQ1274,moa1038
AJQ1274,moa1194
AJQ1274,moa1195
AJQ1274,moa1196
AJQ1274,moa1039
AJQ1274,moa1040
AJQ1274,moa1197
AJQ1274,moa1198
AJQ1274,moa1199
AJQ1397,moa1281
AJQ2607,moa1013
AJQ2607,moa1014
AJQ2607,moa1015
AJQ2607,moa1016
AJQ2607,moa1017
AJQ2607,moa1018
AJQ2607,moa1019
AJQ2607,moa1020
AJQ4429,moa914
AJQ4793,moa833
AJQ4793,moa834
AJQ4793,moa835
AJQ4793,moa836
AJQ4793,moa837
AJQ4793,moa838
AJQ4793,moa839
AJQ4793,moa840
AJQ4793,moa841
AJQ4793,moa842
AJQ4793,moa843
AJQ4793,moa844
AJQ4793,moa845
AJQ4793,moa846
AJQ4793,moa847
AJQ4793,moa848
AJQ4793,moa849
AJQ4793,moa850
AJQ4793,moa851
AJQ4793,moa852
AJQ4793,moa853
AJQ4793,moa854
AJQ4793,moa855
AJQ4793,moa856
AJQ4793,moa857
AJQ4793,moa858
AJQ4793,moa859
AJQ4793,moa860
AJQ4793,moa861
AJQ4793,moa862
AJQ4793,moa863
AJQ4793,moa864
AJQ4793,moa865
AJQ4793,moa866
AJQ4793,moa867
AJQ4793,moa868
AJQ4793,moa869
AJQ4793,moa870
AJQ4793,moa871
AJQ4793,moa872
AJQ4793,moa873
AJQ4793,moa874
AJQ4793,moa878
AJQ4793,moa875
AJQ4793,moa876
AJQ4793,moa877
AJQ4804,moa1525
AJQ4804,moa1526
AJQ4955,moa945
AJQ5106,moa516
AJQ5106,moa517
AJQ5106,moa518
AJQ5106,moa519
AJQ5106,moa520
AJQ5106,moa521
AJQ5106,moa522
AJQ5106,moa523
AJQ6880,moa879
AJQ6880,moa888
AJQ6880,moa887
AJQ6880,moa886
AJQ6880,moa880
AJQ6880,moa881
AJQ6880,moa882
AJQ6880,moa883
AJQ6880,moa884
AJQ6880,moa885
AJQ6880,moa668
AJQ7525,moa779
AJQ7531,moa1090
AJQ9121,moa621
AJQ9121,moa622
AJR0525,moa1258
AJR0525,moa1260
AJR0525,moa1262
AJR0525,moa1263
AJR0525,moa1265
AJR2116,moa1097
AJR3095,moa1321
AJR3197,moa1087
AJR3197,moa1088
AJR3197,moa1089
AJR3197,moa1314
AJR4284,moa541
AJR7074,moa1228
AJR7074,moa1229
AJR7074,moa1230
AJR7074,moa1231
AJR7074,moa1232
AJR7074,moa1233
AJR7074,moa1234
AJR7074,moa1235
AJR7074,moa1236
AJR7074,moa1237
AJR7074,moa1238
AJR7074,moa1239
AJR7074,moa1307
AJR7955,moa1308
AJS1920,moa669
AJS4239,moa482
AJY7000,moa2111
AJY7000,moa2112
AJY7000,moa2113
AJY7000,moa2114
AKA0238,moa889
AKA0238,moa890
AKA0238,moa891
AKA0238,moa898
AKA0238,moa892
AKA0238,moa893
AKA0238,moa894
AKA0238,moa895
AKA0238,moa1284
AKA0238,moa896
AKA0238,moa1283
AKA0238,moa1282
AKA2050,moa2106
AKA2050,moa2107
AKA2050,moa2108
AKA2050,moa2103
AKA2050,moa2104
AKA2050,moa2105
AKA2050,moa1931
AKA2050,moa1933
AKA2050,moa1934
AKA2050,moa1935
AKA2050,moa1936
AKA2050,moa1937
AKA2071,moa1171
AKA2073,moa1164
AKA2085,moa1172
AKA2085,moa1173
AKM7562,moa560
AKR5089,moa1083
AKR5089,moa1084
ALQ2744,moa948
ARH0402.0001.001,moa66
ARH0402.0001.001,moa67
BAA8837,moa1076
BAA9960,moa2150
BAA9960,moa2151
BAA9960,moa2152
BAC1503,moa537
BAC1503,moa544
BAC1503,moa534
BAC1503,moa536
